<?xml version="1.0" encoding="UTF-8"?>
<!-- Intergraph Consulting Pvt Ltd, Hyderabad. (India)-->
<smXML:MD_Metadata xmlns:smXML="http://www.isotc211.org/smXML">
	<fileIdentifier>
		<scXML:CharacterString xmlns:scXML="http://www.isotc211.org/scXML">ICRAF-ISRIC Soil VNIR Spectral Library</scXML:CharacterString>
	</fileIdentifier>
	<contact>
		<smXML:CI_ResponsibleParty>
			<individualName>
				<scXML:CharacterString xmlns:scXML="http://www.isotc211.org/scXML"></scXML:CharacterString>
			</individualName>
			<organisationName>
				<scXML:CharacterString xmlns:scXML="http://www.isotc211.org/scXML">Center for International Earth Science Information Network (CIESIN)  Metadata Administration</scXML:CharacterString>
			</organisationName>
			<positionName>
				<scXML:CharacterString xmlns:scXML="http://www.isotc211.org/scXML"></scXML:CharacterString>
			</positionName>
			<contactInfo>
				<smXML:CI_Contact>
					<phone>
						<smXML:CI_Telephone>
							<voice>
								<scXML:CharacterString xmlns:scXML="http://www.isotc211.org/scXML">+1 845-365-8988</scXML:CharacterString>
							</voice>
							<facsimile>
								<scXML:CharacterString xmlns:scXML="http://www.isotc211.org/scXML">+1 845-365-8922</scXML:CharacterString>
							</facsimile>
						</smXML:CI_Telephone>
					</phone>
					<address>
						<smXML:CI_Address>
							<deliveryPoint>
								<scXML:CharacterString xmlns:scXML="http://www.isotc211.org/scXML">CIESIN, Columbia University, P.O. Box 1000, 61 Route 9W</scXML:CharacterString>
							</deliveryPoint>
							<city>
								<scXML:CharacterString xmlns:scXML="http://www.isotc211.org/scXML">Palisades</scXML:CharacterString>
							</city>
							<administrativeArea>
								<scXML:CharacterString xmlns:scXML="http://www.isotc211.org/scXML">NY</scXML:CharacterString>
							</administrativeArea>
							<postalCode>
								<scXML:CharacterString xmlns:scXML="http://www.isotc211.org/scXML">10964</scXML:CharacterString>
							</postalCode>
							<electronicMailAddress>
								<scXML:CharacterString xmlns:scXML="http://www.isotc211.org/scXML">metadata@ciesin.columbia.edu</scXML:CharacterString>
							</electronicMailAddress>
						</smXML:CI_Address>
					</address>
				</smXML:CI_Contact>
			</contactInfo>
			<role>
				<smXML:CI_RoleCode codeList="../ISO19139/resources/codeList.xml?CI_RoleCode" codeListValue="pointOfContact">pointOfContact</smXML:CI_RoleCode>
			</role>
		</smXML:CI_ResponsibleParty>
	</contact>
	<dateStamp>
		<scXML:Date xmlns:scXML="http://www.isotc211.org/scXML">20100819</scXML:Date>
	</dateStamp>
	<metadataStandardName>
		<scXML:CharacterString xmlns:scXML="http://www.isotc211.org/scXML">ISO-19115:2003(E)</scXML:CharacterString>
	</metadataStandardName>
	<metadataStandardVersion>
		<scXML:CharacterString xmlns:scXML="http://www.isotc211.org/scXML">FGDC Dataset Metadata Profile -- IMGS, Version 1.0</scXML:CharacterString>
	</metadataStandardVersion>
	<!--IdentificationInfo-->
	<identificationInfo>
		<smXML:MD_DataIdentification>
			<citation>
				<smXML:CI_Citation>
					<title>
						<scXML:CharacterString xmlns:scXML="http://www.isotc211.org/scXML">ICRAF-ISRIC Soil VNIR Spectral Library</scXML:CharacterString>
					</title>
					<date>
						<smXML:CI_Date>
							<date>
								<scXML:Date xmlns:scXML="http://www.isotc211.org/scXML">2010</scXML:Date>
							</date>
							<dateType>
								<smXML:CI_DateTypeCode codeList="../ISO19139/resources/codeList.xml?CI_DateTypeCode" codeListValue="publication">publication</smXML:CI_DateTypeCode>
							</dateType>
						</smXML:CI_Date>
					</date>
					<edition>
						<scXML:CharacterString xmlns:scXML="http://www.isotc211.org/scXML"></scXML:CharacterString>
					</edition>
					<identifier>
						<smXML:MD_Identifier>
							<code>
								<scXML:CharacterString xmlns:scXML="http://www.isotc211.org/scXML">ICRAF_AfSIS_SVSLIB</scXML:CharacterString>
							</code>
						</smXML:MD_Identifier>
					</identifier>
					<citedResponsibleParty>
						<smXML:CI_ResponsibleParty>
							<individualName>
								<scXML:CharacterString xmlns:scXML="http://www.isotc211.org/scXML">World Agroforestry Centre (ICRAF) and ISRIC - World Soil Information</scXML:CharacterString>
							</individualName>
							<role>
								<smXML:CI_RoleCode codeList="../ISO19139/resources/codeList.xml?CI_RoleCode" codeListValue="originator">originator</smXML:CI_RoleCode>
							</role>
						</smXML:CI_ResponsibleParty>
					</citedResponsibleParty>
					<citedResponsibleParty>
						<smXML:CI_ResponsibleParty>
							<individualName>
								<scXML:CharacterString xmlns:scXML="http://www.isotc211.org/scXML">World Agroforestry Centre (ICRAF)</scXML:CharacterString>
							</individualName>
							<role>
								<smXML:CI_RoleCode codeList="../ISO19139/resources/codeList.xml?CI_RoleCode" codeListValue="publisher">publisher</smXML:CI_RoleCode>
							</role>
						</smXML:CI_ResponsibleParty>
					</citedResponsibleParty>
					<presentationForm>
						<smXML:CI_PresentationFormCode codeList="../ISO19139/resources/codeList.xml?CI_PresentationFormCode" codeListValue="tableDigital"/>
					</presentationForm>
					<series>
						<smXML:CI_Series>
							<name>
								<scXML:CharacterString xmlns:scXML="http://www.isotc211.org/scXML"></scXML:CharacterString>
							</name>
							<issueIdentification>
								<scXML:CharacterString xmlns:scXML="http://www.isotc211.org/scXML"></scXML:CharacterString>
							</issueIdentification>
						</smXML:CI_Series>
					</series>
					<otherCitationDetails>
						<scXML:CharacterString xmlns:scXML="http://www.isotc211.org/scXML"></scXML:CharacterString>
					</otherCitationDetails>
					<collectiveTitle>
						<scXML:CharacterString xmlns:scXML="http://www.isotc211.org/scXML"></scXML:CharacterString>
					</collectiveTitle>
				</smXML:CI_Citation>
			</citation>
			<abstract>
				<scXML:CharacterString xmlns:scXML="http://www.isotc211.org/scXML">The ICRAF-ISRIC Soil VNIR Spectral Library contains visible near infrared spectra of 4,438 soils selected from the Soil Information System (ISIS) of the International Soil Reference and Information Centre (ISRIC). The samples consist of all physically archived samples at ISRIC in 2004 for which soil attribute data was available. The spectra were measured at the World Agroforestry Center's (ICRAF) Soil and Plant Spectral Diagnostic Laboratory. The samples are from 58 countries spanning Africa, Asia, Europe, North America, and South America. Associated attribute data, such as geographical coordinates, horizon (depth), and physical and chemical properties, are provided in a single relational database.</scXML:CharacterString>
			</abstract>
			<purpose>
				<scXML:CharacterString xmlns:scXML="http://www.isotc211.org/scXML">To provide a resource for research and applications for sensing soil quality both in the laboratory and from space</scXML:CharacterString>
			</purpose>
			<status>
				<smXML:MD_ProgressCode codeList="../ISO19139/resources/codeList.xml?MD_ProgressCode" codeListValue="completed">completed</smXML:MD_ProgressCode>
			</status>
			<pointOfContact>
				<smXML:CI_ResponsibleParty>
					<individualName>
						<scXML:CharacterString xmlns:scXML="http://www.isotc211.org/scXML"></scXML:CharacterString>
					</individualName>
					<organisationName>
						<scXML:CharacterString xmlns:scXML="http://www.isotc211.org/scXML">World Agro-forestry Centre (ICRAF)</scXML:CharacterString>
					</organisationName>
					<positionName>
						<scXML:CharacterString xmlns:scXML="http://www.isotc211.org/scXML"></scXML:CharacterString>
					</positionName>
					<contactInfo>
						<smXML:CI_Contact>
							<phone>
								<smXML:CI_Telephone>
									<facsimile>
										<scXML:CharacterString xmlns:scXML="http://www.isotc211.org/scXML">+254 2 524001</scXML:CharacterString>
									</facsimile>
								</smXML:CI_Telephone>
							</phone>
							<address>
								<smXML:CI_Address>
									<deliveryPoint>
										<scXML:CharacterString xmlns:scXML="http://www.isotc211.org/scXML">ICRAF Complex, United Nations Avenue, Gigiri, PO Box 30677</scXML:CharacterString>
									</deliveryPoint>
									<city>
										<scXML:CharacterString xmlns:scXML="http://www.isotc211.org/scXML">Nairobi</scXML:CharacterString>
									</city>
									<administrativeArea>
										<scXML:CharacterString xmlns:scXML="http://www.isotc211.org/scXML"></scXML:CharacterString>
									</administrativeArea>
									<postalCode>
										<scXML:CharacterString xmlns:scXML="http://www.isotc211.org/scXML"></scXML:CharacterString>
									</postalCode>
								</smXML:CI_Address>
							</address>
						</smXML:CI_Contact>
					</contactInfo>
					<role>
						<smXML:CI_RoleCode codeList="../ISO19139/resources/codeList.xml?CI_RoleCode" codeListValue="pointOfContact">pointOfContact</smXML:CI_RoleCode>
					</role>
				</smXML:CI_ResponsibleParty>
			</pointOfContact>
			<descriptiveKeywords>
				<smXML:MD_Keywords>
					<keyword>
						<scXML:CharacterString xmlns:scXML="http://www.isotc211.org/scXML">Remote Sensing</scXML:CharacterString>
					</keyword>
					<type>
						<smXML:MD_KeywordTypeCode codeList="../ISO19139/resources/codeList.xml?MD_KeywordTypeCode" codeListValue="theme"/>
					</type>
					<thesaurusName>
						<smXML:CI_Citation>
							<title>
								<scXML:CharacterString xmlns:scXML="http://www.isotc211.org/scXML">CSA-NBII Biocomplexity</scXML:CharacterString>
							</title>
							<date>
								<smXML:CI_Date>
									<date>
										<scXML:Date xmlns:scXML="http://www.isotc211.org/scXML">2010</scXML:Date>
									</date>
									<dateType>
										<smXML:CI_DateTypeCode codeList="../ISO19139/resources/codeList.xml?CI_DateTypeCode" codeListValue="publication">publication</smXML:CI_DateTypeCode>
									</dateType>
								</smXML:CI_Date>
							</date>
						</smXML:CI_Citation>
					</thesaurusName>
				</smXML:MD_Keywords>
			</descriptiveKeywords>
			<descriptiveKeywords>
				<smXML:MD_Keywords>
					<keyword>
						<scXML:CharacterString xmlns:scXML="http://www.isotc211.org/scXML">Country</scXML:CharacterString>
					</keyword>
					<type>
						<smXML:MD_KeywordTypeCode codeList="../ISO19139/resources/codeList.xml?MD_KeywordTypeCode" codeListValue="theme"/>
					</type>
					<thesaurusName>
						<smXML:CI_Citation>
							<title>
								<scXML:CharacterString xmlns:scXML="http://www.isotc211.org/scXML">Data Granularity</scXML:CharacterString>
							</title>
							<date>
								<smXML:CI_Date>
									<date>
										<scXML:Date xmlns:scXML="http://www.isotc211.org/scXML">2010</scXML:Date>
									</date>
									<dateType>
										<smXML:CI_DateTypeCode codeList="../ISO19139/resources/codeList.xml?CI_DateTypeCode" codeListValue="publication">publication</smXML:CI_DateTypeCode>
									</dateType>
								</smXML:CI_Date>
							</date>
						</smXML:CI_Citation>
					</thesaurusName>
				</smXML:MD_Keywords>
			</descriptiveKeywords>
			<descriptiveKeywords>
				<smXML:MD_Keywords>
					<keyword>
						<scXML:CharacterString xmlns:scXML="http://www.isotc211.org/scXML">Northeast Information Node (NIN)</scXML:CharacterString>
					</keyword>
					<type>
						<smXML:MD_KeywordTypeCode codeList="../ISO19139/resources/codeList.xml?MD_KeywordTypeCode" codeListValue="theme"/>
					</type>
					<thesaurusName>
						<smXML:CI_Citation>
							<title>
								<scXML:CharacterString xmlns:scXML="http://www.isotc211.org/scXML">NBII Node</scXML:CharacterString>
							</title>
							<date>
								<smXML:CI_Date>
									<date>
										<scXML:Date xmlns:scXML="http://www.isotc211.org/scXML">2010</scXML:Date>
									</date>
									<dateType>
										<smXML:CI_DateTypeCode codeList="../ISO19139/resources/codeList.xml?CI_DateTypeCode" codeListValue="publication">publication</smXML:CI_DateTypeCode>
									</dateType>
								</smXML:CI_Date>
							</date>
						</smXML:CI_Citation>
					</thesaurusName>
				</smXML:MD_Keywords>
			</descriptiveKeywords>
			<descriptiveKeywords>
				<smXML:MD_Keywords>
					<keyword>
						<scXML:CharacterString xmlns:scXML="http://www.isotc211.org/scXML">EARTH SCIENCE &gt; Land Surface &gt; Soils &gt; Soil Chemistry</scXML:CharacterString>
					</keyword>
					<keyword>
						<scXML:CharacterString xmlns:scXML="http://www.isotc211.org/scXML">EARTH SCIENCE &gt; Land Surface &gt; Soils &gt; Soil Classification</scXML:CharacterString>
					</keyword>
					<keyword>
						<scXML:CharacterString xmlns:scXML="http://www.isotc211.org/scXML">EARTH SCIENCE &gt; Land Surface &gt; Soils &gt; Soil Color</scXML:CharacterString>
					</keyword>
					<keyword>
						<scXML:CharacterString xmlns:scXML="http://www.isotc211.org/scXML">EARTH SCIENCE &gt; Land Surface &gt; Soils &gt; Soil Structure</scXML:CharacterString>
					</keyword>
					<keyword>
						<scXML:CharacterString xmlns:scXML="http://www.isotc211.org/scXML">EARTH SCIENCE &gt; Land Surface &gt; Soils &gt; Soil Temperature</scXML:CharacterString>
					</keyword>
					<keyword>
						<scXML:CharacterString xmlns:scXML="http://www.isotc211.org/scXML">EARTH SCIENCE &gt; Land Surface &gt; Soils &gt; Soil Texture</scXML:CharacterString>
					</keyword>
					<type>
						<smXML:MD_KeywordTypeCode codeList="../ISO19139/resources/codeList.xml?MD_KeywordTypeCode" codeListValue="theme"/>
					</type>
					<thesaurusName>
						<smXML:CI_Citation>
							<title>
								<scXML:CharacterString xmlns:scXML="http://www.isotc211.org/scXML">GCMD Parameter Valids</scXML:CharacterString>
							</title>
							<date>
								<smXML:CI_Date>
									<date>
										<scXML:Date xmlns:scXML="http://www.isotc211.org/scXML">2010</scXML:Date>
									</date>
									<dateType>
										<smXML:CI_DateTypeCode codeList="../ISO19139/resources/codeList.xml?CI_DateTypeCode" codeListValue="publication">publication</smXML:CI_DateTypeCode>
									</dateType>
								</smXML:CI_Date>
							</date>
						</smXML:CI_Citation>
					</thesaurusName>
				</smXML:MD_Keywords>
			</descriptiveKeywords>
			<descriptiveKeywords>
				<smXML:MD_Keywords>
					<keyword>
						<scXML:CharacterString xmlns:scXML="http://www.isotc211.org/scXML">CIESIN &gt; Land and Freshwater Resources &gt; Soils &gt; Soil Characteristics</scXML:CharacterString>
					</keyword>
					<keyword>
						<scXML:CharacterString xmlns:scXML="http://www.isotc211.org/scXML">CIESIN &gt; Land and Freshwater Resources &gt; Soils &gt; Soil Chemistry</scXML:CharacterString>
					</keyword>
					<keyword>
						<scXML:CharacterString xmlns:scXML="http://www.isotc211.org/scXML">CIESIN &gt; Land and Freshwater Resources &gt; Soils &gt; Soil Color</scXML:CharacterString>
					</keyword>
					<keyword>
						<scXML:CharacterString xmlns:scXML="http://www.isotc211.org/scXML">CIESIN &gt; Land and Freshwater Resources &gt; Soils &gt; Soil Moisture</scXML:CharacterString>
					</keyword>
					<keyword>
						<scXML:CharacterString xmlns:scXML="http://www.isotc211.org/scXML">CIESIN &gt; Land and Freshwater Resources &gt; Soils &gt; Soil Structure</scXML:CharacterString>
					</keyword>
					<keyword>
						<scXML:CharacterString xmlns:scXML="http://www.isotc211.org/scXML">CIESIN &gt; Land and Freshwater Resources &gt; Soils &gt; Soil Texture</scXML:CharacterString>
					</keyword>
					<keyword>
						<scXML:CharacterString xmlns:scXML="http://www.isotc211.org/scXML">CIESIN &gt; Land and Freshwater Resources &gt; Soils &gt; Soil Types</scXML:CharacterString>
					</keyword>
					<type>
						<smXML:MD_KeywordTypeCode codeList="../ISO19139/resources/codeList.xml?MD_KeywordTypeCode" codeListValue="theme"/>
					</type>
					<thesaurusName>
						<smXML:CI_Citation>
							<title>
								<scXML:CharacterString xmlns:scXML="http://www.isotc211.org/scXML">CIESIN Indexing Vocabulary Version 2.1 (GCMD Format)</scXML:CharacterString>
							</title>
							<date>
								<smXML:CI_Date>
									<date>
										<scXML:Date xmlns:scXML="http://www.isotc211.org/scXML">2010</scXML:Date>
									</date>
									<dateType>
										<smXML:CI_DateTypeCode codeList="../ISO19139/resources/codeList.xml?CI_DateTypeCode" codeListValue="publication">publication</smXML:CI_DateTypeCode>
									</dateType>
								</smXML:CI_Date>
							</date>
						</smXML:CI_Citation>
					</thesaurusName>
				</smXML:MD_Keywords>
			</descriptiveKeywords>
			<descriptiveKeywords>
				<smXML:MD_Keywords>
					<keyword>
						<scXML:CharacterString xmlns:scXML="http://www.isotc211.org/scXML">Topographic and Land Characteristics</scXML:CharacterString>
					</keyword>
					<type>
						<smXML:MD_KeywordTypeCode codeList="../ISO19139/resources/codeList.xml?MD_KeywordTypeCode" codeListValue="theme"/>
					</type>
					<thesaurusName>
						<smXML:CI_Citation>
							<title>
								<scXML:CharacterString xmlns:scXML="http://www.isotc211.org/scXML">EI Gateway Vocabulary</scXML:CharacterString>
							</title>
							<date>
								<smXML:CI_Date>
									<date>
										<scXML:Date xmlns:scXML="http://www.isotc211.org/scXML">2010</scXML:Date>
									</date>
									<dateType>
										<smXML:CI_DateTypeCode codeList="../ISO19139/resources/codeList.xml?CI_DateTypeCode" codeListValue="publication">publication</smXML:CI_DateTypeCode>
									</dateType>
								</smXML:CI_Date>
							</date>
						</smXML:CI_Citation>
					</thesaurusName>
				</smXML:MD_Keywords>
			</descriptiveKeywords>
			<descriptiveKeywords>
				<smXML:MD_Keywords>
					<keyword>
						<scXML:CharacterString xmlns:scXML="http://www.isotc211.org/scXML">Remote Sensing</scXML:CharacterString>
					</keyword>
					<keyword>
						<scXML:CharacterString xmlns:scXML="http://www.isotc211.org/scXML">Satellite Imagery</scXML:CharacterString>
					</keyword>
					<keyword>
						<scXML:CharacterString xmlns:scXML="http://www.isotc211.org/scXML">Spectral Library</scXML:CharacterString>
					</keyword>
					<keyword>
						<scXML:CharacterString xmlns:scXML="http://www.isotc211.org/scXML">Soils</scXML:CharacterString>
					</keyword>
					<keyword>
						<scXML:CharacterString xmlns:scXML="http://www.isotc211.org/scXML">Visible and Near-Infrared</scXML:CharacterString>
					</keyword>
					<keyword>
						<scXML:CharacterString xmlns:scXML="http://www.isotc211.org/scXML">VNIR</scXML:CharacterString>
					</keyword>
					<type>
						<smXML:MD_KeywordTypeCode codeList="../ISO19139/resources/codeList.xml?MD_KeywordTypeCode" codeListValue="theme"/>
					</type>
					<thesaurusName>
						<smXML:CI_Citation>
							<title>
								<scXML:CharacterString xmlns:scXML="http://www.isotc211.org/scXML">General</scXML:CharacterString>
							</title>
							<date>
								<smXML:CI_Date>
									<date>
										<scXML:Date xmlns:scXML="http://www.isotc211.org/scXML">2010</scXML:Date>
									</date>
									<dateType>
										<smXML:CI_DateTypeCode codeList="../ISO19139/resources/codeList.xml?CI_DateTypeCode" codeListValue="publication">publication</smXML:CI_DateTypeCode>
									</dateType>
								</smXML:CI_Date>
							</date>
						</smXML:CI_Citation>
					</thesaurusName>
				</smXML:MD_Keywords>
			</descriptiveKeywords>
			<descriptiveKeywords>
				<smXML:MD_Keywords>
					<keyword>
						<scXML:CharacterString xmlns:scXML="http://www.isotc211.org/scXML">Geoscientific Information</scXML:CharacterString>
					</keyword>
					<type>
						<smXML:MD_KeywordTypeCode codeList="../ISO19139/resources/codeList.xml?MD_KeywordTypeCode" codeListValue="theme"/>
					</type>
					<thesaurusName>
						<smXML:CI_Citation>
							<title>
								<scXML:CharacterString xmlns:scXML="http://www.isotc211.org/scXML">ISO Topic</scXML:CharacterString>
							</title>
							<date>
								<smXML:CI_Date>
									<date>
										<scXML:Date xmlns:scXML="http://www.isotc211.org/scXML">2010</scXML:Date>
									</date>
									<dateType>
										<smXML:CI_DateTypeCode codeList="../ISO19139/resources/codeList.xml?CI_DateTypeCode" codeListValue="publication">publication</smXML:CI_DateTypeCode>
									</dateType>
								</smXML:CI_Date>
							</date>
						</smXML:CI_Citation>
					</thesaurusName>
				</smXML:MD_Keywords>
			</descriptiveKeywords>
			<descriptiveKeywords>
				<smXML:MD_Keywords>
					<keyword>
						<scXML:CharacterString xmlns:scXML="http://www.isotc211.org/scXML">Non-GIS</scXML:CharacterString>
					</keyword>
					<type>
						<smXML:MD_KeywordTypeCode codeList="../ISO19139/resources/codeList.xml?MD_KeywordTypeCode" codeListValue="theme"/>
					</type>
					<thesaurusName>
						<smXML:CI_Citation>
							<title>
								<scXML:CharacterString xmlns:scXML="http://www.isotc211.org/scXML">GIS Format</scXML:CharacterString>
							</title>
							<date>
								<smXML:CI_Date>
									<date>
										<scXML:Date xmlns:scXML="http://www.isotc211.org/scXML">2010</scXML:Date>
									</date>
									<dateType>
										<smXML:CI_DateTypeCode codeList="../ISO19139/resources/codeList.xml?CI_DateTypeCode" codeListValue="publication">publication</smXML:CI_DateTypeCode>
									</dateType>
								</smXML:CI_Date>
							</date>
						</smXML:CI_Citation>
					</thesaurusName>
				</smXML:MD_Keywords>
			</descriptiveKeywords>
			<descriptiveKeywords>
				<smXML:MD_Keywords>
					<keyword>
						<scXML:CharacterString xmlns:scXML="http://www.isotc211.org/scXML">Africa Soil Information Service (AfSIS)</scXML:CharacterString>
					</keyword>
					<type>
						<smXML:MD_KeywordTypeCode codeList="../ISO19139/resources/codeList.xml?MD_KeywordTypeCode" codeListValue="theme"/>
					</type>
					<thesaurusName>
						<smXML:CI_Citation>
							<title>
								<scXML:CharacterString xmlns:scXML="http://www.isotc211.org/scXML">Project</scXML:CharacterString>
							</title>
							<date>
								<smXML:CI_Date>
									<date>
										<scXML:Date xmlns:scXML="http://www.isotc211.org/scXML">2010</scXML:Date>
									</date>
									<dateType>
										<smXML:CI_DateTypeCode codeList="../ISO19139/resources/codeList.xml?CI_DateTypeCode" codeListValue="publication">publication</smXML:CI_DateTypeCode>
									</dateType>
								</smXML:CI_Date>
							</date>
						</smXML:CI_Citation>
					</thesaurusName>
				</smXML:MD_Keywords>
			</descriptiveKeywords>
			<descriptiveKeywords>
				<smXML:MD_Keywords>
					<keyword>
						<scXML:CharacterString xmlns:scXML="http://www.isotc211.org/scXML">Continent/Region &gt; Africa</scXML:CharacterString>
					</keyword>
					<keyword>
						<scXML:CharacterString xmlns:scXML="http://www.isotc211.org/scXML">Continent/Region &gt; Asia</scXML:CharacterString>
					</keyword>
					<keyword>
						<scXML:CharacterString xmlns:scXML="http://www.isotc211.org/scXML">Continent/Region &gt; Central Africa</scXML:CharacterString>
					</keyword>
					<keyword>
						<scXML:CharacterString xmlns:scXML="http://www.isotc211.org/scXML">Continent/Region &gt; Central America</scXML:CharacterString>
					</keyword>
					<keyword>
						<scXML:CharacterString xmlns:scXML="http://www.isotc211.org/scXML">Continent/Region &gt; East Asia</scXML:CharacterString>
					</keyword>
					<keyword>
						<scXML:CharacterString xmlns:scXML="http://www.isotc211.org/scXML">Continent/Region &gt; Equatorial</scXML:CharacterString>
					</keyword>
					<keyword>
						<scXML:CharacterString xmlns:scXML="http://www.isotc211.org/scXML">Continent/Region &gt; Europe</scXML:CharacterString>
					</keyword>
					<keyword>
						<scXML:CharacterString xmlns:scXML="http://www.isotc211.org/scXML">Continent/Region &gt; North America</scXML:CharacterString>
					</keyword>
					<keyword>
						<scXML:CharacterString xmlns:scXML="http://www.isotc211.org/scXML">Continent/Region &gt; South America</scXML:CharacterString>
					</keyword>
					<keyword>
						<scXML:CharacterString xmlns:scXML="http://www.isotc211.org/scXML">Continent/Region &gt; South Asia</scXML:CharacterString>
					</keyword>
					<keyword>
						<scXML:CharacterString xmlns:scXML="http://www.isotc211.org/scXML">Continent/Region &gt; Southeast Asia</scXML:CharacterString>
					</keyword>
					<keyword>
						<scXML:CharacterString xmlns:scXML="http://www.isotc211.org/scXML">Continent/Region &gt; West Africa</scXML:CharacterString>
					</keyword>
					<keyword>
						<scXML:CharacterString xmlns:scXML="http://www.isotc211.org/scXML">Country/Island &gt; Australia</scXML:CharacterString>
					</keyword>
					<keyword>
						<scXML:CharacterString xmlns:scXML="http://www.isotc211.org/scXML">Country/Island &gt; Benin</scXML:CharacterString>
					</keyword>
					<keyword>
						<scXML:CharacterString xmlns:scXML="http://www.isotc211.org/scXML">Country/Island &gt; Botswana</scXML:CharacterString>
					</keyword>
					<keyword>
						<scXML:CharacterString xmlns:scXML="http://www.isotc211.org/scXML">Country/Island &gt; Brazil</scXML:CharacterString>
					</keyword>
					<keyword>
						<scXML:CharacterString xmlns:scXML="http://www.isotc211.org/scXML">Country/Island &gt; Burkina Faso</scXML:CharacterString>
					</keyword>
					<keyword>
						<scXML:CharacterString xmlns:scXML="http://www.isotc211.org/scXML">Country/Island &gt; Cameroon</scXML:CharacterString>
					</keyword>
					<keyword>
						<scXML:CharacterString xmlns:scXML="http://www.isotc211.org/scXML">Country/Island &gt; China</scXML:CharacterString>
					</keyword>
					<keyword>
						<scXML:CharacterString xmlns:scXML="http://www.isotc211.org/scXML">Country/Island &gt; Colombia</scXML:CharacterString>
					</keyword>
					<keyword>
						<scXML:CharacterString xmlns:scXML="http://www.isotc211.org/scXML">Country/Island &gt; Costa Rica</scXML:CharacterString>
					</keyword>
					<keyword>
						<scXML:CharacterString xmlns:scXML="http://www.isotc211.org/scXML">Country/Island &gt; Cote D'Ivoire</scXML:CharacterString>
					</keyword>
					<keyword>
						<scXML:CharacterString xmlns:scXML="http://www.isotc211.org/scXML">Country/Island &gt; Cuba</scXML:CharacterString>
					</keyword>
					<keyword>
						<scXML:CharacterString xmlns:scXML="http://www.isotc211.org/scXML">Country/Island &gt; Democratic Republic of the Congo</scXML:CharacterString>
					</keyword>
					<keyword>
						<scXML:CharacterString xmlns:scXML="http://www.isotc211.org/scXML">Country/Island &gt; Ecuador</scXML:CharacterString>
					</keyword>
					<keyword>
						<scXML:CharacterString xmlns:scXML="http://www.isotc211.org/scXML">Country/Island &gt; Finland</scXML:CharacterString>
					</keyword>
					<keyword>
						<scXML:CharacterString xmlns:scXML="http://www.isotc211.org/scXML">Country/Island &gt; France</scXML:CharacterString>
					</keyword>
					<keyword>
						<scXML:CharacterString xmlns:scXML="http://www.isotc211.org/scXML">Country/Island &gt; Gabon</scXML:CharacterString>
					</keyword>
					<keyword>
						<scXML:CharacterString xmlns:scXML="http://www.isotc211.org/scXML">Country/Island &gt; Germany</scXML:CharacterString>
					</keyword>
					<keyword>
						<scXML:CharacterString xmlns:scXML="http://www.isotc211.org/scXML">Country/Island &gt; Ghana</scXML:CharacterString>
					</keyword>
					<keyword>
						<scXML:CharacterString xmlns:scXML="http://www.isotc211.org/scXML">Country/Island &gt; Greece</scXML:CharacterString>
					</keyword>
					<keyword>
						<scXML:CharacterString xmlns:scXML="http://www.isotc211.org/scXML">Country/Island &gt; Hungary</scXML:CharacterString>
					</keyword>
					<keyword>
						<scXML:CharacterString xmlns:scXML="http://www.isotc211.org/scXML">Country/Island &gt; India</scXML:CharacterString>
					</keyword>
					<keyword>
						<scXML:CharacterString xmlns:scXML="http://www.isotc211.org/scXML">Country/Island &gt; Indonesia</scXML:CharacterString>
					</keyword>
					<keyword>
						<scXML:CharacterString xmlns:scXML="http://www.isotc211.org/scXML">Country/Island &gt; Ireland</scXML:CharacterString>
					</keyword>
					<keyword>
						<scXML:CharacterString xmlns:scXML="http://www.isotc211.org/scXML">Country/Island &gt; Italy</scXML:CharacterString>
					</keyword>
					<keyword>
						<scXML:CharacterString xmlns:scXML="http://www.isotc211.org/scXML">Country/Island &gt; Jamaica</scXML:CharacterString>
					</keyword>
					<keyword>
						<scXML:CharacterString xmlns:scXML="http://www.isotc211.org/scXML">Country/Island &gt; Japan</scXML:CharacterString>
					</keyword>
					<keyword>
						<scXML:CharacterString xmlns:scXML="http://www.isotc211.org/scXML">Country/Island &gt; Kenya</scXML:CharacterString>
					</keyword>
					<keyword>
						<scXML:CharacterString xmlns:scXML="http://www.isotc211.org/scXML">Country/Island &gt; Malaysia</scXML:CharacterString>
					</keyword>
					<keyword>
						<scXML:CharacterString xmlns:scXML="http://www.isotc211.org/scXML">Country/Island &gt; Mali</scXML:CharacterString>
					</keyword>
					<keyword>
						<scXML:CharacterString xmlns:scXML="http://www.isotc211.org/scXML">Country/Island &gt; Mozambique</scXML:CharacterString>
					</keyword>
					<keyword>
						<scXML:CharacterString xmlns:scXML="http://www.isotc211.org/scXML">Country/Island &gt; Namibia</scXML:CharacterString>
					</keyword>
					<keyword>
						<scXML:CharacterString xmlns:scXML="http://www.isotc211.org/scXML">Country/Island &gt; Netherlands</scXML:CharacterString>
					</keyword>
					<keyword>
						<scXML:CharacterString xmlns:scXML="http://www.isotc211.org/scXML">Country/Island &gt; Nicaragua</scXML:CharacterString>
					</keyword>
					<keyword>
						<scXML:CharacterString xmlns:scXML="http://www.isotc211.org/scXML">Country/Island &gt; Niger</scXML:CharacterString>
					</keyword>
					<keyword>
						<scXML:CharacterString xmlns:scXML="http://www.isotc211.org/scXML">Country/Island &gt; Nigeria</scXML:CharacterString>
					</keyword>
					<keyword>
						<scXML:CharacterString xmlns:scXML="http://www.isotc211.org/scXML">Country/Island &gt; Norway</scXML:CharacterString>
					</keyword>
					<keyword>
						<scXML:CharacterString xmlns:scXML="http://www.isotc211.org/scXML">Country/Island &gt; Oman</scXML:CharacterString>
					</keyword>
					<keyword>
						<scXML:CharacterString xmlns:scXML="http://www.isotc211.org/scXML">Country/Island &gt; Pakistan</scXML:CharacterString>
					</keyword>
					<keyword>
						<scXML:CharacterString xmlns:scXML="http://www.isotc211.org/scXML">Country/Island &gt; Peru</scXML:CharacterString>
					</keyword>
					<keyword>
						<scXML:CharacterString xmlns:scXML="http://www.isotc211.org/scXML">Country/Island &gt; Philippines</scXML:CharacterString>
					</keyword>
					<keyword>
						<scXML:CharacterString xmlns:scXML="http://www.isotc211.org/scXML">Country/Island &gt; Poland</scXML:CharacterString>
					</keyword>
					<keyword>
						<scXML:CharacterString xmlns:scXML="http://www.isotc211.org/scXML">Country/Island &gt; Romania</scXML:CharacterString>
					</keyword>
					<keyword>
						<scXML:CharacterString xmlns:scXML="http://www.isotc211.org/scXML">Country/Island &gt; Rwanda</scXML:CharacterString>
					</keyword>
					<keyword>
						<scXML:CharacterString xmlns:scXML="http://www.isotc211.org/scXML">Country/Island &gt; Samoa</scXML:CharacterString>
					</keyword>
					<keyword>
						<scXML:CharacterString xmlns:scXML="http://www.isotc211.org/scXML">Country/Island &gt; Slovakia</scXML:CharacterString>
					</keyword>
					<keyword>
						<scXML:CharacterString xmlns:scXML="http://www.isotc211.org/scXML">Country/Island &gt; Spain</scXML:CharacterString>
					</keyword>
					<keyword>
						<scXML:CharacterString xmlns:scXML="http://www.isotc211.org/scXML">Country/Island &gt; Sri Lanka</scXML:CharacterString>
					</keyword>
					<keyword>
						<scXML:CharacterString xmlns:scXML="http://www.isotc211.org/scXML">Country/Island &gt; Sweden</scXML:CharacterString>
					</keyword>
					<keyword>
						<scXML:CharacterString xmlns:scXML="http://www.isotc211.org/scXML">Country/Island &gt; Thailand</scXML:CharacterString>
					</keyword>
					<keyword>
						<scXML:CharacterString xmlns:scXML="http://www.isotc211.org/scXML">Country/Island &gt; Togo</scXML:CharacterString>
					</keyword>
					<keyword>
						<scXML:CharacterString xmlns:scXML="http://www.isotc211.org/scXML">Country/Island &gt; Turkey</scXML:CharacterString>
					</keyword>
					<keyword>
						<scXML:CharacterString xmlns:scXML="http://www.isotc211.org/scXML">Country/Island &gt; United States</scXML:CharacterString>
					</keyword>
					<keyword>
						<scXML:CharacterString xmlns:scXML="http://www.isotc211.org/scXML">Country/Island &gt; Uruguay</scXML:CharacterString>
					</keyword>
					<keyword>
						<scXML:CharacterString xmlns:scXML="http://www.isotc211.org/scXML">Country/Island &gt; Zambia</scXML:CharacterString>
					</keyword>
					<keyword>
						<scXML:CharacterString xmlns:scXML="http://www.isotc211.org/scXML">Country/Island &gt; Zimbabwe</scXML:CharacterString>
					</keyword>
					<type>
						<smXML:MD_KeywordTypeCode codeList="../ISO19139/resources/codeList.xml?MD_KeywordTypeCode" codeListValue="place"/>
					</type>
					<thesaurusName>
						<smXML:CI_Citation>
							<title>
								<scXML:CharacterString xmlns:scXML="http://www.isotc211.org/scXML">CIESIN Location Terms, version 2.0</scXML:CharacterString>
							</title>
							<date>
								<smXML:CI_Date>
									<date>
										<scXML:Date xmlns:scXML="http://www.isotc211.org/scXML">2010</scXML:Date>
									</date>
									<dateType>
										<smXML:CI_DateTypeCode codeList="../ISO19139/resources/codeList.xml?CI_DateTypeCode" codeListValue="publication">publication</smXML:CI_DateTypeCode>
									</dateType>
								</smXML:CI_Date>
							</date>
						</smXML:CI_Citation>
					</thesaurusName>
				</smXML:MD_Keywords>
			</descriptiveKeywords>
			<resourceConstraints>
				<smXML:MD_LegalConstraints>
					<accessConstraints>
						<smXML:MD_RestrictionCode codeList="../ISO19139/resources/codeList.xml?MD_RestrictionCode" codeListValue="otherRestrictions"/>
					</accessConstraints>
					<useConstraints>
						<smXML:MD_RestrictionCode codeList="../ISO19139/resources/codeList.xml?MD_RestrictionCode" codeListValue="otherRestrictions"/>
					</useConstraints>
					<otherConstraints>
						<scXML:CharacterString xmlns:scXML="http://www.isotc211.org/scXML">Access Constraints:None#Use constraints:ISRIC?s procedures for data use and citation at http://www.isric.org/UK/About+ISRIC/Services/Data+Supply/Citation.htm apply. Please use this suggested citation:



World Agroforestry Centre (ICRAF) and ISRIC - World Soil Information. 2010. ICRAF-ISRIC Soil VNIR Spectral Library. Nairobi, Kenya: World Agroforestry Centre (ICRAF). Available at http://africasoils.net/.</scXML:CharacterString>
					</otherConstraints>
				</smXML:MD_LegalConstraints>
			</resourceConstraints>
			<resourceMaintenance>
				<smXML:MD_MaintenanceInformation>
					<maintenanceAndUpdateFrequency>
						<smXML:MD_MaintenanceFrequencyCode codeList="../ISO19139/resources/codeList.xml?MD_MaintenanceFrequencyCode" codeListValue="asNeeded"/>
					</maintenanceAndUpdateFrequency>
				</smXML:MD_MaintenanceInformation>
			</resourceMaintenance>
			<extent>
				<smXML:EX_Extent>
					<geographicElement>
						<smXML:EX_GeographicBoundingBox>
							<westBoundLongitude>
								<scXML:approximateLongitude xmlns:scXML="http://www.isotc211.org/scXML">-180.000000</scXML:approximateLongitude>
							</westBoundLongitude>
							<eastBoundLongitude>
								<scXML:approximateLongitude xmlns:scXML="http://www.isotc211.org/scXML">180.000000</scXML:approximateLongitude>
							</eastBoundLongitude>
							<southBoundLatitude>
								<scXML:approximateLatitude xmlns:scXML="http://www.isotc211.org/scXML">-80.000000</scXML:approximateLatitude>
							</southBoundLatitude>
							<northBoundLatitude>
								<scXML:approximateLatitude xmlns:scXML="http://www.isotc211.org/scXML">90.000000</scXML:approximateLatitude>
							</northBoundLatitude>
						</smXML:EX_GeographicBoundingBox>
					</geographicElement>
				</smXML:EX_Extent>
			</extent>
		</smXML:MD_DataIdentification>
	</identificationInfo>
	<!--MetadataConstraints-->
	<!--DataQualityInfo-->
	<dataQualityInfo>
		<smXML:DQ_DataQuality>
			<scope>
				<smXML:DQ_Scope>
					<level>
						<smXML:MD_ScopeCode codeList="../ISO19139/resources/codeList.xml?MD_ScopeCode" codeListValue="dataset"/>
					</level>
				</smXML:DQ_Scope>
			</scope>
			<lineage>
				<smXML:LI_Lineage>
					<processStep>
						<smXML:LI_ProcessStep>
							<description>
								<scXML:CharacterString xmlns:scXML="http://www.isotc211.org/scXML">Soil diffuse reflectance spectra were recorded for each library sample using a FieldSpec FR spectroradiometer (Analytical Spectral Devices, Boulder, CO) at wavelengths from 0.35 to 2.5 microns with a spectral sampling interval of 1 nm.  The instrument had been calibrated by the manufacturer on an annual basis. The optical setup was as reported in Shepherd et al. (2003). Samples were illuminated from below using a high-intensity source probe (Analytical Spectral Devices, Boulder, CO). The probe illuminates the sample (4.5 W halogen lamp giving a correlated color temperature of 3000 K; WelchAllynSkaneatles Falls, NY, USA) and collects the reflected light from a 3.5-cm-diameter sapphire window through a fiber-optic-cable.



About 20 g of air-dried soil ground to pass through a 2-mm sieve were placed into 7.4 cm diameter Duran glass Petri dishes to give a sample height of about 1 cm. To sample within-dish variation, reflectance spectra were recorded at two positions, successively rotating the sample dish through 90 degrees between readings and an average of 25 spectra (the manufacturer?s default value) was recorded at each position to minimize instrument noise. Before reading each sample 10 white reference spectra were recorded using calibrated spectralon (Labsphere, Sutton, NH, USA) placed in a glass petri dish. The certified white reference reflectance factors are given in Table 1. Reflectance readings for each wavelength band were expressed relative to the average of the white reference readings. The 1 nm interval spectra was resampled by selecting every tenth-nanometer value from 0.35 to 2.5 microns to give a total of 216 data points for each spectrum. 



Soil property attributes were provided by ISRIC and had been analysed according to the ISRIC Procedures for soil analysis (Van Reeuwijk, 2002). Soil samples were air-dried, clods crushed and the resulting sample material sieved through a 2 mm sieve prior to further analysis. Soil pH was determined by shaking soil together with deionized water for two hours in a soil:liquid ratio of 1:2.5. Organic carbon content was determined using the Walkley-Black procedure. This involves a wet combustion of the organic matter with a mixture of potassium dichromate and sulfuric acid at about 125 degrees C. Cation exchange capacity and exchangeable Ca and Mg were determined using the ammonium acetate method, which included usage of sodium acetate instead of ammonium acetate for samples with a pH value above 7. Exchangeable Ca and Mg were measured by flame atomic absorption spectrophotometry and CEC by flame emission spectrophotometry. Removal of soil organic matter and carbonates prior to soil texture analysis was done using hydrogen peroxide and hydrochloric acid respectively. The sand fraction was separated first by wet sieving. Clay fractions were determined by the pipette method.</scXML:CharacterString>
							</description>
						</smXML:LI_ProcessStep>
					</processStep>
				</smXML:LI_Lineage>
			</lineage>
		</smXML:DQ_DataQuality>
	</dataQualityInfo>
	<!--Metadata maintenance-->
	<metadataMaintenance>
		<smXML:MD_MaintenanceInformation>
			<maintenanceAndUpdateFrequency>
				<smXML:MD_MaintenanceFrequencyCode codeList="../ISO19139/resources/codeList.xml?MD_MaintenanceFrequencyCode" codeListValue="asNeeded"/>
			</maintenanceAndUpdateFrequency>
			<dateOfNextUpdate>
				<scXML:Date xmlns:scXML="http://www.isotc211.org/scXML">20110827</scXML:Date>
			</dateOfNextUpdate>
			<maintenanceNote>
				<scXML:CharacterString xmlns:scXML="http://www.isotc211.org/scXML">20100827(FGDC7.2)</scXML:CharacterString>
			</maintenanceNote>
		</smXML:MD_MaintenanceInformation>
	</metadataMaintenance>
	<!--Spatial Representation Info-->
	<!--Reference system info-->
	<!--ContentInfo-->
	<!--Distribution info-->
	<distributionInfo>
		<smXML:MD_Distribution>
			<distributor>
				<smXML:MD_Distributor>
					<distributorContact>
						<smXML:CI_ResponsibleParty>
							<individualName>
								<scXML:CharacterString xmlns:scXML="http://www.isotc211.org/scXML"></scXML:CharacterString>
							</individualName>
							<organisationName>
								<scXML:CharacterString xmlns:scXML="http://www.isotc211.org/scXML">International Center for Tropical Agriculture- Tropical Soil Biology and Fertility Institute (CIAT-TSBF)</scXML:CharacterString>
							</organisationName>
							<positionName>
								<scXML:CharacterString xmlns:scXML="http://www.isotc211.org/scXML"></scXML:CharacterString>
							</positionName>
							<contactInfo>
								<smXML:CI_Contact>
									<phone>
										<smXML:CI_Telephone></smXML:CI_Telephone>
									</phone>
									<address>
										<smXML:CI_Address>
											<deliveryPoint>
												<scXML:CharacterString xmlns:scXML="http://www.isotc211.org/scXML">ICRAF Complex, United Nations Avenue, Gigiri, PO Box 30677</scXML:CharacterString>
											</deliveryPoint>
											<city>
												<scXML:CharacterString xmlns:scXML="http://www.isotc211.org/scXML">Nairobi</scXML:CharacterString>
											</city>
											<administrativeArea>
												<scXML:CharacterString xmlns:scXML="http://www.isotc211.org/scXML"></scXML:CharacterString>
											</administrativeArea>
											<postalCode>
												<scXML:CharacterString xmlns:scXML="http://www.isotc211.org/scXML"></scXML:CharacterString>
											</postalCode>
											<electronicMailAddress>
												<scXML:CharacterString xmlns:scXML="http://www.isotc211.org/scXML">afsis.info@africasoils.net</scXML:CharacterString>
											</electronicMailAddress>
										</smXML:CI_Address>
									</address>
								</smXML:CI_Contact>
							</contactInfo>
							<role>
								<smXML:CI_RoleCode codeList="../ISO19139/resources/codeList.xml?CI_RoleCode" codeListValue="pointOfContact">pointOfContact</smXML:CI_RoleCode>
							</role>
						</smXML:CI_ResponsibleParty>
					</distributorContact>
					<distributionOrderProcess>
						<smXML:MD_StandardOrderProcess>
							<fees>
								<scXML:CharacterString xmlns:scXML="http://www.isotc211.org/scXML"></scXML:CharacterString>
							</fees>
							<plannedAvailableDateTime>
								<scXML:DateTime xmlns:scXML="http://www.isotc211.org/scXML">T</scXML:DateTime>
							</plannedAvailableDateTime>
							<orderingInstructions>
								<scXML:CharacterString xmlns:scXML="http://www.isotc211.org/scXML">The complete merged database containing both soil and spectral data can be accessed from www.africasoils.net under the filename ICRAF-ISRIC VNIR Soil Database; also through a link from www.isric.org.</scXML:CharacterString>
							</orderingInstructions>
						</smXML:MD_StandardOrderProcess>
					</distributionOrderProcess>
					<distributionOrderProcess>
						<smXML:MD_StandardOrderProcess>
							<fees>
								<scXML:CharacterString xmlns:scXML="http://www.isotc211.org/scXML"></scXML:CharacterString>
							</fees>
							<plannedAvailableDateTime>
								<scXML:DateTime xmlns:scXML="http://www.isotc211.org/scXML">T</scXML:DateTime>
							</plannedAvailableDateTime>
						</smXML:MD_StandardOrderProcess>
					</distributionOrderProcess>
				</smXML:MD_Distributor>
			</distributor>
		</smXML:MD_Distribution>
	</distributionInfo>
	<has>
		<smXML:DS_DataSet/>
	</has>
</smXML:MD_Metadata>
